acl	2.3.2-1build1.1
adduser	3.137ubuntu1
adwaita-icon-theme	46.0-1
alsa-topology-conf	1.2.5.1-2
alsa-ucm-conf	1.2.10-1ubuntu5.15
amd64-microcode	3.20251202.1ubuntu0.24.04.1
apparmor	4.0.1really4.0.1-0ubuntu0.24.04.8
apport	2.28.3-0ubuntu0.1
apport-core-dump-handler	2.28.3-0ubuntu0.1
apport-symptoms	0.25
appstream	1.0.2-1build6
apt	2.8.3
apt-utils	2.8.3
at-spi2-common	2.52.0-1build1
at-spi2-core	2.52.0-1build1
attr	1:2.5.2-1ubuntu0.1
augeas-lenses	1.14.1-1build2
base-files	13ubuntu10.5
base-passwd	3.6.3build1
bash	5.2.21-2ubuntu4
bash-completion	1:2.11-8
bc	1.07.1-3ubuntu4
bcache-tools	1.0.8-5build1
bind9-dnsutils	1:9.18.39-0ubuntu0.24.04.7
bind9-host	1:9.18.39-0ubuntu0.24.04.7
bind9-libs	1:9.18.39-0ubuntu0.24.04.7
binutils	2.42-4ubuntu2.10
binutils-common	2.42-4ubuntu2.10
binutils-x86-64-linux-gnu	2.42-4ubuntu2.10
blt	2.5.3+dfsg-7build1
bolt	0.9.7-1
bpfcc-tools	0.29.1+ds-1ubuntu7
bpftrace	0.20.2-1ubuntu4.3
bsdextrautils	2.39.3-9ubuntu6.6
bsdutils	1:2.39.3-9ubuntu6.6
btrfs-progs	6.6.3-1.1build2
busybox-initramfs	1:1.36.1-6ubuntu3.1
busybox-static	1:1.36.1-6ubuntu3.1
byobu	6.11-0ubuntu1.1
bzip2	1.0.8-5.1ubuntu0.1
ca-certificates	20260601~24.04.1
chrony	4.5-1ubuntu4.2
cloud-guest-utils	0.33-1
cloud-image-utils	0.33-1
cloud-init	26.1-0ubuntu1~24.04.1
cloud-initramfs-copymods	0.49~24.04.1
cloud-initramfs-dyn-netconf	0.49~24.04.1
command-not-found	23.04.0
conntrack	1:1.4.8-1ubuntu1
console-setup	1.226ubuntu1.1
console-setup-linux	1.226ubuntu1.1
coreutils	9.4-3ubuntu6.3
cpio	2.15+dfsg-1ubuntu2.1
cpp	4:13.2.0-7ubuntu1
cpp-13	13.3.0-6ubuntu2~24.04.1
cpp-13-x86-64-linux-gnu	13.3.0-6ubuntu2~24.04.1
cpp-x86-64-linux-gnu	4:13.2.0-7ubuntu1
cpu-checker	0.7-1.3build2
cron	3.0pl1-184ubuntu2
cron-daemon-common	3.0pl1-184ubuntu2
cryptsetup	2:2.7.0-1ubuntu4.2
cryptsetup-bin	2:2.7.0-1ubuntu4.2
cryptsetup-initramfs	2:2.7.0-1ubuntu4.2
curl	8.5.0-2ubuntu10.15
dash	0.5.12-6ubuntu5
db-util	1:5.3.21ubuntu2
db5.3-util	5.3.28+dfsg2-7
dbus	1.14.10-4ubuntu4.1
dbus-bin	1.14.10-4ubuntu4.1
dbus-daemon	1.14.10-4ubuntu4.1
dbus-session-bus-common	1.14.10-4ubuntu4.1
dbus-system-bus-common	1.14.10-4ubuntu4.1
dbus-user-session	1.14.10-4ubuntu4.1
dconf-gsettings-backend	0.40.0-4ubuntu0.1
dconf-service	0.40.0-4ubuntu0.1
debconf	1.5.86ubuntu1
debconf-i18n	1.5.86ubuntu1
debianutils	5.17build1
dhcpcd-base	1:10.0.6-1ubuntu3.2
diffutils	1:3.10-1ubuntu0.1
dirmngr	2.4.4-2ubuntu17.6
distro-info	1.7build1
distro-info-data	0.72-0ubuntu0.24.04.1
dmeventd	2:1.02.185-3ubuntu3.2
dmidecode	3.5-3ubuntu0.2
dmsetup	2:1.02.185-3ubuntu3.2
dns-root-data	2024071801~ubuntu0.24.04.1
dnsmasq-base	2.91-0ubuntu0.24.04.1
dosfstools	4.2-1.1build1
dpkg	1.22.6ubuntu6.6
dracut-install	060+5-1ubuntu3.4
e2fsprogs	1.47.0-2.4~exp1ubuntu4.1
e2fsprogs-l10n	1.47.0-2.4~exp1ubuntu4.1
eatmydata	131-1ubuntu1
ed	1.20.1-1
efibootmgr	18-1build2
eject	2.39.3-9ubuntu6.6
ethtool	1:6.7-1build1
exfatprogs	1.2.2-1build1
extlinux	3:6.04~git20190206.bf6db5b4+dfsg1-3ubuntu3
f2fs-tools	1.16.0-1
fdisk	2.39.3-9ubuntu6.6
file	1:5.45-3build1
finalrd	9build1
findutils	4.9.0-5build1
firmware-sof-signed	2023.12.1-1ubuntu1.11
fontconfig	2.15.0-1.1ubuntu2
fontconfig-config	2.15.0-1.1ubuntu2
fonts-dejavu-core	2.37-8
fonts-dejavu-mono	2.37-8
fonts-droid-fallback	1:6.0.1r16-1.1build1
fonts-lyx	2.4.0~RC3-1build4
fonts-noto-mono	20201225-2
fonts-ubuntu-console	0.869+git20240321-0ubuntu1
fonts-urw-base35	20200910-8
freeipmi-common	1.6.13-3ubuntu0.2
friendly-recovery	0.2.42
ftp	20230507-2build3
fuse3	3.14.0-5build1
fwupd	2.0.20-1ubuntu2~24.04.2
fwupd-signed	1.52+1.4-1
g++	4:13.2.0-7ubuntu1
g++-13	13.3.0-6ubuntu2~24.04.1
g++-13-x86-64-linux-gnu	13.3.0-6ubuntu2~24.04.1
g++-x86-64-linux-gnu	4:13.2.0-7ubuntu1
gawk	1:5.2.1-2ubuntu0.1
gcc	4:13.2.0-7ubuntu1
gcc-13	13.3.0-6ubuntu2~24.04.1
gcc-13-base	13.3.0-6ubuntu2~24.04.1
gcc-13-x86-64-linux-gnu	13.3.0-6ubuntu2~24.04.1
gcc-14-base	14.2.0-4ubuntu2~24.04.1
gcc-x86-64-linux-gnu	4:13.2.0-7ubuntu1
gdisk	1.0.10-1build1
genisoimage	9:1.1.11-3.5
gettext-base	0.21-14ubuntu2
ghostscript	10.02.1~dfsg1-0ubuntu7.9
gir1.2-freedesktop	1.80.1-1
gir1.2-girepository-2.0	1.80.1-1
gir1.2-glib-2.0	2.80.0-6ubuntu3.9
gir1.2-libosinfo-1.0	1.11.0-2build3
gir1.2-packagekitglib-1.0	1.2.8-2ubuntu1.5
git	1:2.43.0-1ubuntu7.3
git-man	1:2.43.0-1ubuntu7.3
glib-networking	2.80.0-1build1
glib-networking-common	2.80.0-1build1
glib-networking-services	2.80.0-1build1
gnupg	2.4.4-2ubuntu17.6
gnupg-l10n	2.4.4-2ubuntu17.6
gnupg-utils	2.4.4-2ubuntu17.6
gpg	2.4.4-2ubuntu17.6
gpg-agent	2.4.4-2ubuntu17.6
gpg-wks-client	2.4.4-2ubuntu17.6
gpgconf	2.4.4-2ubuntu17.6
gpgsm	2.4.4-2ubuntu17.6
gpgv	2.4.4-2ubuntu17.6
grep	3.11-4build1
groff-base	1.23.0-3build2
grub-common	2.12-1ubuntu7.3
grub-efi-amd64	2.12-1ubuntu7.3
grub-efi-amd64-bin	2.12-1ubuntu7.3
grub-efi-amd64-signed	1.202.5+2.12-1ubuntu7.3
grub2-common	2.12-1ubuntu7.3
gsettings-desktop-schemas	46.1-0ubuntu1
gstreamer1.0-plugins-base	1.24.2-1ubuntu0.5
gstreamer1.0-plugins-good	1.24.2-1ubuntu1.8
gstreamer1.0-x	1.24.2-1ubuntu0.5
gtk-update-icon-cache	3.24.41-4ubuntu1.3
guestfish	1:1.52.0-5ubuntu3
guestfs-tools	1.52.0-2ubuntu5
guestmount	1:1.52.0-5ubuntu3
gzip	1.12-1ubuntu3.2
hdparm	9.65+ds-1build1
hfsplus	1.0.4-17.1build1
hicolor-icon-theme	0.17-2
hostname	3.23+nmu2ubuntu2
htop	3.3.0-4build1
humanity-icon-theme	0.6.16
hwdata	0.379-1
i965-va-driver	2.4.1+dfsg1-1ubuntu0.2
ibverbs-providers	50.0-2ubuntu0.2
icoutils	0.32.3-4build2
ieee-data	20220827.1
inetutils-telnet	2:2.5-3ubuntu4.2
info	7.1-3build2
init	1.66ubuntu1
init-system-helpers	1.66ubuntu1
initramfs-tools	0.142ubuntu25.8
initramfs-tools-bin	0.142ubuntu25.8
initramfs-tools-core	0.142ubuntu25.8
install-info	7.1-3build2
intel-media-va-driver	24.1.0+dfsg1-1ubuntu0.2
intel-microcode	3.20260210.0ubuntu0.24.04.1
ipmitool	1.8.19-7ubuntu0.24.04.3
iproute2	6.1.0-1ubuntu6.4
iptables	1.8.10-3ubuntu2
iputils-ping	3:20240117-1ubuntu0.1
iputils-tracepath	3:20240117-1ubuntu0.1
ipxe-qemu	1.21.1+git-20220113.fbbdc3926-0ubuntu2
ipxe-qemu-256k-compat-efi-roms	1.0.0+git-20150424.a25a16d-0ubuntu5
ipython3	8.20.0-1
iso-codes	4.16.0-1
isympy-common	1.12-7
isympy3	1.12-7
iucode-tool	2.3.1-3build1
javascript-common	11+nmu1
jq	1.7.1-3ubuntu0.24.04.2
kbd	2.6.4-2ubuntu2
keyboard-configuration	1.226ubuntu1.1
keyboxd	2.4.4-2ubuntu17.6
klibc-utils	2.0.13-4ubuntu0.2
kmod	31+20240202-2ubuntu7.2
kpartx	0.9.4-5ubuntu8.2
krb5-locales	1.20.1-6ubuntu2.10
landscape-common	24.02-0ubuntu5.7
ldmtool	0.2.5-1.1build2
less	590-2ubuntu2.1
libaa1	1.4p5-51.1
libacl1	2.3.2-1build1.1
libafflib0t64	3.7.20-1.1ubuntu5
libaio1t64	0.3.113-6build1.1
libaom3	3.8.2-2ubuntu0.2
libapparmor1	4.0.1really4.0.1-0ubuntu0.24.04.8
libappstream5	1.0.2-1build6
libapt-pkg6.0t64	2.8.3
libarchive13t64	3.7.2-2ubuntu0.8
libargon2-1	0~20190702+dfsg-4build1
libasan8	14.2.0-4ubuntu2~24.04.1
libasound2-data	1.2.11-1ubuntu0.3
libasound2t64	1.2.11-1ubuntu0.3
libassuan0	2.5.6-1build1
libasyncns0	0.8-6build4
libatasmart4	0.19-5build3
libatk-bridge2.0-0t64	2.52.0-1build1
libatk1.0-0t64	2.52.0-1build1
libatm1t64	1:2.5.1-5.1build1
libatomic1	14.2.0-4ubuntu2~24.04.1
libatspi2.0-0t64	2.52.0-1build1
libattr1	1:2.5.2-1ubuntu0.1
libaudit-common	1:3.1.2-2.1ubuntu0.1
libaudit1	1:3.1.2-2.1ubuntu0.1
libaugeas0	1.14.1-1build2
libauthen-sasl-perl	2.1700-1ubuntu0.1
libavahi-client3	0.8-13ubuntu6.2
libavahi-common-data	0.8-13ubuntu6.2
libavahi-common3	0.8-13ubuntu6.2
libavc1394-0	0.5.4-5build3
libbfio1	20170123-6
libbinutils	2.42-4ubuntu2.10
libblas3	3.12.0-3build1.1
libblkid1	2.39.3-9ubuntu6.6
libblockdev-crypto3	3.1.1-1ubuntu0.1
libblockdev-fs3	3.1.1-1ubuntu0.1
libblockdev-loop3	3.1.1-1ubuntu0.1
libblockdev-mdraid3	3.1.1-1ubuntu0.1
libblockdev-nvme3	3.1.1-1ubuntu0.1
libblockdev-part3	3.1.1-1ubuntu0.1
libblockdev-swap3	3.1.1-1ubuntu0.1
libblockdev-utils3	3.1.1-1ubuntu0.1
libblockdev3	3.1.1-1ubuntu0.1
libboost-iostreams1.83.0	1.83.0-2.1ubuntu3.2
libboost-thread1.83.0	1.83.0-2.1ubuntu3.2
libbpf1	1:1.3.0-2build2
libbpfcc	0.29.1+ds-1ubuntu7
libbrlapi0.8	6.6-4ubuntu5
libbrotli1	1.1.0-2build2
libbsd0	0.12.1-1build1.1
libburn4t64	1.5.6-1.1build1
libbytesize-common	2.10-1ubuntu2
libbytesize1	2.10-1ubuntu2
libbz2-1.0	1.0.8-5.1ubuntu0.1
libc-bin	2.39-0ubuntu8.9
libc-dev-bin	2.39-0ubuntu8.9
libc-devtools	2.39-0ubuntu8.9
libc6	2.39-0ubuntu8.9
libc6-dev	2.39-0ubuntu8.9
libcaca0	0.99.beta20-4ubuntu0.2
libcacard0	1:2.8.0-3build4
libcairo-gobject2	1.18.0-3build1
libcairo2	1.18.0-3build1
libcap-ng0	0.8.4-2build2
libcap2	1:2.66-5ubuntu2.4
libcap2-bin	1:2.66-5ubuntu2.4
libcbor0.10	0.10.2-1.2ubuntu2
libcc1-0	14.2.0-4ubuntu2~24.04.1
libcdparanoia0	3.10.2+debian-14build3
libclang-cpp18	1:18.1.3-1ubuntu1
libclang1-18	1:18.1.3-1ubuntu1
libclone-perl	0.46-1build3
libcolord2	1.4.7-1build2
libcom-err2	1.47.0-2.4~exp1ubuntu4.1
libconfig9	1.5-0.4build2
libcrypt-dev	1:4.4.36-4build1
libcrypt1	1:4.4.36-4build1
libcryptsetup12	2:2.7.0-1ubuntu4.2
libctf-nobfd0	2.42-4ubuntu2.10
libctf0	2.42-4ubuntu2.10
libcups2t64	2.4.7-1.2ubuntu7.14
libcurl3t64-gnutls	8.5.0-2ubuntu10.15
libcurl4t64	8.5.0-2ubuntu10.15
libdata-dump-perl	1.25-1
libdate-manip-perl	6.95-1
libdatrie1	0.2.13-3build1
libdaxctl1	77-2ubuntu2
libdb5.3t64	5.3.28+dfsg2-7
libdbus-1-3	1.14.10-4ubuntu4.1
libdbus-glib-1-2	0.112-3build2
libdconf1	0.40.0-4ubuntu0.1
libdebconfclient0	0.271ubuntu3
libdecor-0-0	0.2.2-1build2
libdecor-0-plugin-1-gtk	0.2.2-1build2
libdeflate0	1.19-1build1.1
libdevmapper-event1.02.1	2:1.02.185-3ubuntu3.2
libdevmapper1.02.1	2:1.02.185-3ubuntu3.2
libdrm-amdgpu1	2.4.125-1ubuntu0.1~24.04.2
libdrm-common	2.4.125-1ubuntu0.1~24.04.2
libdrm-intel1	2.4.125-1ubuntu0.1~24.04.2
libdrm2	2.4.125-1ubuntu0.1~24.04.2
libduktape207	2.7.0+tests-0ubuntu3
libdv4t64	1.0.0-17.1build1
libdw1t64	0.190-1.1ubuntu0.1
libeatmydata1	131-1ubuntu1
libedit2	3.1-20230828-1build1
libefiboot1t64	38-3.1build1
libefivar1t64	38-3.1build1
libelf1t64	0.190-1.1ubuntu0.1
libencode-locale-perl	1.05-3
libepoxy0	1.5.10-1build1
liberror-perl	0.17029-2
libestr0	0.1.11-1build1
libevdev2	1.13.1+dfsg-1build1
libevent-core-2.1-7t64	2.1.12-stable-9ubuntu2.2
libewf2	20140814-1build3
libexpat1	2.6.1-2ubuntu0.6
libext2fs2t64	1.47.0-2.4~exp1ubuntu4.1
libfastjson4	1.2304.0-1build1
libfdisk1	2.39.3-9ubuntu6.6
libfdt1	1.7.0-2build1
libffi8	3.4.6-1build1
libfido2-1	1.14.0-1build3
libfile-listing-perl	6.16-1
libflac12t64	1.4.3+ds-2.1ubuntu2
libflashrom1	1.3.0-2.1ubuntu2
libfont-afm-perl	1.20-4
libfontconfig1	2.15.0-1.1ubuntu2
libfontenc1	1:1.1.8-1build1
libfreeipmi17	1.6.13-3ubuntu0.2
libfreetype6	2.13.2+dfsg-1ubuntu0.2
libfribidi0	1.0.13-3build1
libftdi1-2	1.5-6build5
libfuse2t64	2.9.9-8.1build1
libfuse3-3	3.14.0-5build1
libfwupd3	2.0.20-1ubuntu2~24.04.2
libgbm1	25.2.8-0ubuntu0.24.04.4
libgcc-13-dev	13.3.0-6ubuntu2~24.04.1
libgcc-s1	14.2.0-4ubuntu2~24.04.1
libgcrypt20	1.10.3-2ubuntu0.2
libgd3	2.3.3-9ubuntu5
libgdbm-compat4t64	1.23-5.1build1
libgdbm6t64	1.23-5.1build1
libgdk-pixbuf-2.0-0	2.42.10+dfsg-3ubuntu3.3
libgdk-pixbuf2.0-bin	2.42.10+dfsg-3ubuntu3.3
libgdk-pixbuf2.0-common	2.42.10+dfsg-3ubuntu3.3
libgfortran5	14.2.0-4ubuntu2~24.04.1
libgirepository-1.0-1	1.80.1-1
libgl1	1.7.0-1build1
libgl1-mesa-dri	25.2.8-0ubuntu0.24.04.4
libglib2.0-0t64	2.80.0-6ubuntu3.9
libglib2.0-bin	2.80.0-6ubuntu3.9
libglib2.0-data	2.80.0-6ubuntu3.9
libglvnd0	1.7.0-1build1
libglx-mesa0	25.2.8-0ubuntu0.24.04.4
libglx0	1.7.0-1build1
libgmp10	2:6.3.0+dfsg-2ubuntu6.1
libgnutls30t64	3.8.3-1.1ubuntu3.6
libgomp1	14.2.0-4ubuntu2~24.04.1
libgpg-error-l10n	1.47-3build2.1
libgpg-error0	1.47-3build2.1
libgpgme11t64	1.18.0-4.1ubuntu4
libgpm2	1.20.7-11
libgprofng0	2.42-4ubuntu2.10
libgraphite2-3	1.3.14-2ubuntu0.24.04.1
libgs-common	10.02.1~dfsg1-0ubuntu7.9
libgs10	10.02.1~dfsg1-0ubuntu7.9
libgs10-common	10.02.1~dfsg1-0ubuntu7.9
libgssapi-krb5-2	1.20.1-6ubuntu2.10
libgstreamer-plugins-base1.0-0	1.24.2-1ubuntu0.5
libgstreamer-plugins-good1.0-0	1.24.2-1ubuntu1.8
libgstreamer1.0-0	1.24.2-1ubuntu0.1
libgtk-3-0t64	3.24.41-4ubuntu1.3
libgtk-3-bin	3.24.41-4ubuntu1.3
libgtk-3-common	3.24.41-4ubuntu1.3
libgtk-vnc-2.0-0	1.3.1-1build2
libgudev-1.0-0	1:238-5ubuntu1
libguestfs-hfsplus	1:1.52.0-5ubuntu3
libguestfs-perl	1:1.52.0-5ubuntu3
libguestfs-reiserfs	1:1.52.0-5ubuntu3
libguestfs-tools	1:1.52.0-5ubuntu3
libguestfs-xfs	1:1.52.0-5ubuntu3
libguestfs0t64	1:1.52.0-5ubuntu3
libgvnc-1.0-0	1.3.1-1build2
libharfbuzz0b	8.3.0-2build2
libheif-plugin-aomdec	1.17.6-1ubuntu4.9
libheif-plugin-aomenc	1.17.6-1ubuntu4.9
libheif1	1.17.6-1ubuntu4.9
libhfsp0t64	1.0.4-17.1build1
libhivex0	1.3.23-1build7
libhogweed6t64	3.9.1-2.2build1.1
libhtml-form-perl	6.11-1
libhtml-format-perl	2.16-2
libhtml-parser-perl	3.81-1ubuntu0.1
libhtml-tagset-perl	3.20-6
libhtml-tree-perl	5.07-3
libhttp-cookies-perl	6.11-1
libhttp-daemon-perl	6.16-1ubuntu0.24.04.1
libhttp-date-perl	6.06-1ubuntu0.24.04.1
libhttp-message-perl	6.45-1ubuntu1
libhttp-negotiate-perl	6.01-2
libhwasan0	14.2.0-4ubuntu2~24.04.1
libibverbs1	50.0-2ubuntu0.2
libice6	2:1.0.10-1build3
libicu74	74.2-1ubuntu3.1
libidn12	1.42-1ubuntu0.1
libidn2-0	2.3.7-2build1.1
libiec61883-0	1.2.0-6build1
libigdgmm12	22.3.17+ds1-1ubuntu1
libijs-0.35	0.35-15.1build1
libimagequant0	2.18.0-1build1
libimobiledevice6	1.3.0-8.1build3
libinih1	55-1ubuntu2
libintl-perl	1.33-1build3
libintl-xs-perl	1.33-1build3
libio-html-perl	1.004-3
libio-pty-perl	1:1.20-1build2
libio-socket-ssl-perl	2.085-1
libip4tc2	1.8.10-3ubuntu2
libip6tc2	1.8.10-3ubuntu2
libipc-run-perl	20231003.0-1
libiscsi7	1.19.0-3build4
libisl23	0.26-3build1.1
libisns0t64	0.101-0.3ubuntu0.1
libisoburn1t64	1:1.5.6-1.1ubuntu3
libisofs6t64	1.5.6.pl01-1.1ubuntu2
libitm1	14.2.0-4ubuntu2~24.04.1
libjack-jackd2-0	1.9.21~dfsg-3ubuntu3
libjansson4	2.14-2build2
libjbig0	2.1-6.1ubuntu2
libjbig2dec0	0.20-1ubuntu0.24.04.1
libjcat1	0.2.3-1~ubuntu0.24.04.1
libjpeg-turbo8	2.1.5-2ubuntu2
libjpeg8	8c-2ubuntu11
libjq1	1.7.1-3ubuntu0.24.04.2
libjs-jquery	3.6.1+dfsg+~3.5.14-1
libjs-jquery-ui	1.13.2+dfsg-1
libjson-c5	0.17-1build1
libjson-glib-1.0-0	1.8.0-2build2
libjson-glib-1.0-common	1.8.0-2build2
libk5crypto3	1.20.1-6ubuntu2.10
libkeyutils1	1.6.3-3build1
libklibc	2.0.13-4ubuntu0.2
libkmod2	31+20240202-2ubuntu7.2
libkrb5-3	1.20.1-6ubuntu2.10
libkrb5support0	1.20.1-6ubuntu2.10
libksba8	1.6.6-1build1
liblapack3	3.12.0-3build1.1
liblbfgsb0	3.0+dfsg.4-1build1
liblcms2-2	2.14-2ubuntu0.1
libldap-common	2.6.10+dfsg-0ubuntu0.24.04.1
libldap2	2.6.10+dfsg-0ubuntu0.24.04.1
libldm-1.0-0t64	0.2.5-1.1build2
liblerc4	4.0.0+ds-4ubuntu2
libllvm18	1:18.1.3-1ubuntu1
libllvm20	1:20.1.2-0ubuntu1~24.04.3
liblmdb0	0.9.31-1build1
liblocale-gettext-perl	1.07-6ubuntu5
liblsan0	14.2.0-4ubuntu2~24.04.1
liblua5.3-0	5.3.6-2build2
liblvm2cmd2.03	2.03.16-3ubuntu3.2
liblwp-mediatypes-perl	6.04-2
liblwp-protocol-https-perl	6.13-1
liblz4-1	1.9.4-1build1.1
liblzma5	5.6.1+really5.4.5-1ubuntu0.3
liblzo2-2	2.10-2build4
libmagic-mgc	1:5.45-3build1
libmagic1t64	1:5.45-3build1
libmailtools-perl	2.21-2
libmaxminddb0	1.9.1-1build1
libmbim-glib4	1.31.2-0ubuntu3.1
libmbim-proxy	1.31.2-0ubuntu3.1
libmbim-utils	1.31.2-0ubuntu3.1
libmd0	1.1.0-2build1.1
libmm-glib0	1.23.4-0ubuntu2
libmnl0	1.0.5-2build1
libmodule-find-perl	0.16-2
libmodule-scandeps-perl	1.35-1ubuntu0.24.04.1
libmount1	2.39.3-9ubuntu6.6
libmp3lame0	3.100-6build1
libmpc3	1.3.1-1build1.1
libmpfr6	4.2.1-1build1.1
libmpg123-0t64	1.32.5-1ubuntu1.1
libmspack0t64	0.11-1.1build1
libncurses6	6.4+20240113-1ubuntu2.2
libncursesw6	6.4+20240113-1ubuntu2.2
libndctl6	77-2ubuntu2
libnet-http-perl	6.23-1
libnet-smtp-ssl-perl	1.04-2
libnet-ssleay-perl	1.94-1build4
libnetfilter-conntrack3	1.0.9-6build1
libnetpbm11t64	2:11.05.02-1.1build1
libnetplan1	1.1.2-8ubuntu1~24.04.3
libnettle8t64	3.9.1-2.2build1.1
libnewt0.52	0.52.24-2ubuntu2
libnfnetlink0	1.0.2-2build1
libnfs14	5.0.2-1ubuntu0.24.04.1
libnftables1	1.0.9-1ubuntu0.1
libnftnl11	1.2.6-2build1
libnghttp2-14	1.59.0-1ubuntu0.4
libnl-3-200	3.7.0-0.3build1.1
libnl-genl-3-200	3.7.0-0.3build1.1
libnl-route-3-200	3.7.0-0.3build1.1
libnpth0t64	1.6-3.1build1
libnspr4	2:4.35-1.1build1
libnss-mymachines	255.4-1ubuntu8.17
libnss-systemd	255.4-1ubuntu8.17
libnss3	2:3.98-1ubuntu0.2
libntfs-3g89t64	1:2022.10.3-1.2ubuntu3.2
libnuma1	2.0.18-1ubuntu0.24.04.1
libnvme1t64	1.8-3ubuntu1
libogg0	1.3.5-3build1
libonig5	6.9.9-1build1
libopenipmi0t64	2.0.33-1.1build3
libopeniscsiusr	2.1.9-3ubuntu5.4
libopenjp2-7	2.5.0-2ubuntu0.5
libopus0	1.4-1build1
liborc-0.4-0t64	1:0.4.38-1ubuntu0.1
libosinfo-1.0-0	1.11.0-2build3
libosinfo-l10n	1.11.0-2build3
libp11-kit0	0.25.3-4ubuntu2.2
libpackagekit-glib2-18	1.2.8-2ubuntu1.5
libpam-cap	1:2.66-5ubuntu2.4
libpam-modules	1.5.3-5ubuntu5.7
libpam-modules-bin	1.5.3-5ubuntu5.7
libpam-runtime	1.5.3-5ubuntu5.7
libpam-systemd	255.4-1ubuntu8.17
libpam0g	1.5.3-5ubuntu5.7
libpango-1.0-0	1.52.1+ds-1build1
libpangocairo-1.0-0	1.52.1+ds-1build1
libpangoft2-1.0-0	1.52.1+ds-1build1
libpaper-utils	1.1.29build1
libpaper1	1.1.29build1
libparted2t64	3.6-4build1
libpcap0.8t64	1.10.4-4.1ubuntu3.1
libpci3	1:3.10.0-2build1
libpciaccess0	0.17-3ubuntu0.24.04.3
libpcre2-8-0	10.42-4ubuntu2.1
libpcsclite1	2.0.3-1build1
libperl5.38t64	5.38.2-3.2ubuntu0.6
libphodav-3.0-0	3.0-8build3
libphodav-3.0-common	3.0-8build3
libpipeline1	1.5.7-2
libpipewire-0.3-0t64	1.0.5-1ubuntu3.3
libpipewire-0.3-common	1.0.5-1ubuntu3.3
libpixman-1-0	0.42.2-1build1
libplist-2.0-4	2.3.0-1~exp2build2
libplymouth5	24.004.60-1ubuntu7.2
libpmem1	1.13.1-1.1ubuntu2
libpmemobj1	1.13.1-1.1ubuntu2
libpng16-16t64	1.6.43-5ubuntu0.6
libpolkit-agent-1-0	124-2ubuntu1.24.04.4
libpolkit-gobject-1-0	124-2ubuntu1.24.04.4
libpopt0	1.19+dfsg-1build1
libproc-processtable-perl	0.636-1build3
libproc2-0	2:4.0.4-4ubuntu3.3
libprotobuf-c1	1.4.1-1ubuntu4
libproxy1v5	0.5.4-4build1
libpsl5t64	0.21.2-1.1build1
libpulse0	1:16.1+dfsg1-2ubuntu10.1
libpython3-stdlib	3.12.3-0ubuntu2.1
libpython3.12-minimal	3.12.3-1ubuntu0.17
libpython3.12-stdlib	3.12.3-1ubuntu0.17
libpython3.12t64	3.12.3-1ubuntu0.17
libqhull-r8.0	2020.2-6build1
libqmi-glib5	1.35.2-0ubuntu2
libqmi-proxy	1.35.2-0ubuntu2
libqmi-utils	1.35.2-0ubuntu2
libqrtr-glib0	1.2.2-1ubuntu4
libquadmath0	14.2.0-4ubuntu2~24.04.1
librados2	19.2.3-0ubuntu0.24.04.3
libraqm0	0.10.1-1build1
libraw1394-11	2.1.2-2build3
librbd1	19.2.3-0ubuntu0.24.04.3
librdmacm1t64	50.0-2ubuntu0.2
libreadline8t64	8.2-4build1
libreiserfscore0t64	1:3.6.27-7.1build1
librpm9t64	4.18.2+dfsg-2.1build2
librpmio9t64	4.18.2+dfsg-2.1build2
librsvg2-2	2.58.0+dfsg-1ubuntu0.1
librsvg2-common	2.58.0+dfsg-1ubuntu0.1
librtmp1	2.4+20151223.gitfa8646d.1-2build7
libsamplerate0	0.2.2-4build1
libsasl2-2	2.1.28+dfsg1-5ubuntu3.1
libsasl2-modules	2.1.28+dfsg1-5ubuntu3.1
libsasl2-modules-db	2.1.28+dfsg1-5ubuntu3.1
libsdl2-2.0-0	2.30.0+dfsg-1ubuntu3.1
libseccomp2	2.5.5-1ubuntu3.1
libselinux1	3.5-2ubuntu2.1
libsemanage-common	3.5-1build5
libsemanage2	3.5-1build5
libsensors-config	1:3.6.0-9build1
libsensors5	1:3.6.0-9build1
libsepol2	3.5-2build1
libsframe1	2.42-4ubuntu2.10
libsgutils2-1.46-2	1.46-3ubuntu4.1
libsharpyuv0	1.3.2-0.4build3
libshout3	2.4.6-1build2
libsigsegv2	2.14-1ubuntu2
libslang2	2.3.3-3build2
libslirp0	4.7.0-1ubuntu3.1
libsm6	2:1.2.3-1build3
libsmartcols1	2.39.3-9ubuntu6.6
libsndfile1	1.2.2-1ubuntu5.24.04.1
libsnmp-base	5.9.4+dfsg-1.1ubuntu3.2
libsnmp40t64	5.9.4+dfsg-1.1ubuntu3.2
libsodium23	1.0.18-1ubuntu0.24.04.1
libsort-naturally-perl	1.03-4
libsoup-3.0-0	3.4.4-5ubuntu0.9
libsoup-3.0-common	3.4.4-5ubuntu0.9
libspa-0.2-modules	1.0.5-1ubuntu3.3
libspeex1	1.2.1-2ubuntu2.24.04.1
libspice-client-glib-2.0-8	0.42-2ubuntu2
libspice-client-gtk-3.0-5	0.42-2ubuntu2
libspice-server1	0.15.1-1build2
libsqlite3-0	3.45.1-1ubuntu2.8
libss2	1.47.0-2.4~exp1ubuntu4.1
libssh-4	0.10.6-2ubuntu0.5
libssl3t64	3.0.13-0ubuntu3.16
libstdc++-13-dev	13.3.0-6ubuntu2~24.04.1
libstdc++6	14.2.0-4ubuntu2~24.04.1
libstemmer0d	2.2.0-4build1
libstring-shellquote-perl	1.04-3
libsys-virt-perl	10.0.0-1build2
libsystemd-shared	255.4-1ubuntu8.17
libsystemd0	255.4-1ubuntu8.17
libtag1v5	1.13.1-1build1
libtag1v5-vanilla	1.13.1-1build1
libtasn1-6	4.19.0-3ubuntu0.24.04.2
libtcl8.6	8.6.14+dfsg-1build1
libterm-readkey-perl	2.38-2build4
libtext-charwidth-perl	0.04-11build3
libtext-iconv-perl	1.7-8build3
libtext-wrapi18n-perl	0.06-10
libthai-data	0.1.29-2build1
libthai0	0.1.29-2build1
libtheora0	1.1.1+dfsg.1-16.1build3
libtiff6	4.5.1+git230720-4ubuntu2.5
libtime-duration-perl	1.21-2
libtimedate-perl	2.3300-2
libtinfo6	6.4+20240113-1ubuntu2.2
libtirpc-common	1.3.4+ds-1.1build1
libtirpc3t64	1.3.4+ds-1.1build1
libtk8.6	8.6.14-1build1
libtpms0	0.9.3-0ubuntu4.24.04.1
libtraceevent1	1:1.8.2-1ubuntu2.1
libtraceevent1-plugin	1:1.8.2-1ubuntu2.1
libtracefs1	1.8.0-1ubuntu1
libtry-tiny-perl	0.31-2
libtsan2	14.2.0-4ubuntu2~24.04.1
libtsk19t64	4.12.1+dfsg-1.1ubuntu2
libtss2-esys-3.0.2-0t64	4.0.1-7.1ubuntu5.1
libtss2-mu-4.0.1-0t64	4.0.1-7.1ubuntu5.1
libtss2-sys1t64	4.0.1-7.1ubuntu5.1
libtss2-tcti-cmd0t64	4.0.1-7.1ubuntu5.1
libtss2-tcti-device0t64	4.0.1-7.1ubuntu5.1
libtss2-tcti-mssim0t64	4.0.1-7.1ubuntu5.1
libtss2-tcti-swtpm0t64	4.0.1-7.1ubuntu5.1
libtwolame0	0.4.0-2build3
libubsan1	14.2.0-4ubuntu2~24.04.1
libuchardet0	0.0.8-1build1
libudev1	255.4-1ubuntu8.17
libudisks2-0	2.10.1-6ubuntu1.5
libunistring5	1.1-2build1.1
libunwind8	1.6.2-3build1.1
libupower-glib3	1.90.3-1
liburcu8t64	0.14.0-3.1build1
liburi-perl	5.27-1
liburing2	2.5-1build1
libusb-1.0-0	2:1.0.27-1
libusbmuxd6	2.0.2-4build3
libusbredirhost1t64	0.13.0-2.1build1
libusbredirparser1t64	0.13.0-2.1build1
libutempter0	1.2.1-3build1
libuuid1	2.39.3-9ubuntu6.6
libuv1t64	1.48.0-1.1build1
libv4l-0t64	1.26.1-4build3
libv4lconvert0t64	1.26.1-4build3
libva-x11-2	2.20.0-2ubuntu0.2
libva2	2.20.0-2ubuntu0.2
libvhdi1	20210425-1build5
libvirglrenderer1	1.0.0-1ubuntu2
libvirt-clients	10.0.0-2ubuntu8.19
libvirt-daemon	10.0.0-2ubuntu8.19
libvirt-daemon-config-network	10.0.0-2ubuntu8.19
libvirt-daemon-config-nwfilter	10.0.0-2ubuntu8.19
libvirt-daemon-driver-qemu	10.0.0-2ubuntu8.19
libvirt-daemon-system	10.0.0-2ubuntu8.19
libvirt-daemon-system-systemd	10.0.0-2ubuntu8.19
libvirt-glib-1.0-0	5.0.0-2build3
libvirt-glib-1.0-data	5.0.0-2build3
libvirt-l10n	10.0.0-2ubuntu8.19
libvirt0	10.0.0-2ubuntu8.19
libvisual-0.4-0	0.4.2-2build1
libvmdk1	20200926-2build5
libvolume-key1	0.3.12-7build2
libvorbis0a	1.3.7-1build3
libvorbisenc2	1.3.7-1build3
libvpx9	1.14.0-1ubuntu2.3
libvte-2.91-0	0.76.0-1ubuntu0.1
libvte-2.91-common	0.76.0-1ubuntu0.1
libvulkan1	1.3.275.0-1build1
libwavpack1	5.6.0-1build1
libwayland-client0	1.22.0-2.1build1
libwayland-cursor0	1.22.0-2.1build1
libwayland-egl1	1.22.0-2.1build1
libwayland-server0	1.22.0-2.1build1
libwebp7	1.3.2-0.4build3
libwebpdemux2	1.3.2-0.4build3
libwebpmux3	1.3.2-0.4build3
libwebrtc-audio-processing1	0.3.1-0ubuntu6
libwin-hivex-perl	1.3.23-1build7
libwrap0	7.6.q-33
libwww-perl	6.76-1ubuntu0.1
libwww-robotrules-perl	6.02-1
libx11-6	2:1.8.7-1build1
libx11-data	2:1.8.7-1build1
libx11-xcb1	2:1.8.7-1build1
libxau6	1:1.0.9-1build6
libxcb-dri3-0	1.15-1ubuntu2
libxcb-glx0	1.15-1ubuntu2
libxcb-present0	1.15-1ubuntu2
libxcb-randr0	1.15-1ubuntu2
libxcb-render0	1.15-1ubuntu2
libxcb-shm0	1.15-1ubuntu2
libxcb-sync1	1.15-1ubuntu2
libxcb-xfixes0	1.15-1ubuntu2
libxcb1	1.15-1ubuntu2
libxcomposite1	1:0.4.5-1build3
libxcursor1	1:1.2.1-1build1
libxdamage1	1:1.1.6-1build1
libxdmcp6	1:1.1.3-0ubuntu6
libxext6	2:1.3.4-1build2
libxfixes3	1:6.0.0-2build1
libxft2	2.3.6-1build1
libxi6	2:1.8.1-1build1
libxinerama1	2:1.1.4-3build1
libxkbcommon0	1.6.0-1build1
libxml-parser-perl	2.47-1ubuntu0.24.04.1
libxml-xpath-perl	1.48-1
libxml2	2.9.14+dfsg-1.3ubuntu3.9
libxml2-utils	2.9.14+dfsg-1.3ubuntu3.9
libxmlb2	0.3.24-1~ubuntu0.24.04.1
libxmlsec1t64	1.2.39-5build2
libxmlsec1t64-openssl	1.2.39-5build2
libxmuu1	2:1.1.3-3build2
libxpm4	1:3.5.17-1ubuntu0.24.04.2
libxrandr2	2:1.5.2-2build1
libxrender1	1:0.9.10-1.1build1
libxshmfence1	1.3-1build5
libxslt1.1	1.1.39-0exp1ubuntu0.24.04.3
libxss1	1:1.2.3-1build3
libxt6t64	1:1.2.1-1.2build1
libxtables12	1.8.10-3ubuntu2
libxtst6	2:1.2.3-1.1build1
libxv1	2:1.0.11-1.1build1
libxxf86vm1	1:1.1.4-1build4
libxxhash0	0.8.2-2build1
libyajl2	2.1.0-5build1
libyaml-0-2	0.2.5-1build1
libyara10	4.5.0-1build2
libzstd1	1.5.5+dfsg2-2build1.1
linux-base	4.5ubuntu9+24.04.2
linux-firmware	20240318.git3b128b60.0ubuntu3.1
linux-firmware-amd-graphics	20240318.git3b128b60-0ubuntu3.3
linux-firmware-amd-misc	20240318.git3b128b60-0ubuntu3.1
linux-firmware-broadcom-wireless	20240318.git3b128b60-0ubuntu3.1
linux-firmware-intel-graphics	20240318.git3b128b60-0ubuntu3.1
linux-firmware-intel-misc	20240318.git3b128b60-0ubuntu3.1
linux-firmware-intel-wireless	20240318.git3b128b60-0ubuntu3.1
linux-firmware-marvell-prestera	20240318.git3b128b60-0ubuntu3.1
linux-firmware-marvell-wireless	20240318.git3b128b60-0ubuntu3.1
linux-firmware-mediatek	20240318.git3b128b60-0ubuntu3.1
linux-firmware-mellanox-spectrum	20240318.git3b128b60-0ubuntu3.1
linux-firmware-misc	20240318.git3b128b60-0ubuntu3.1
linux-firmware-netronome	20240318.git3b128b60-0ubuntu3.1
linux-firmware-nvidia-graphics	20240318.git3b128b60-0ubuntu3.1
linux-firmware-qlogic	20240318.git3b128b60-0ubuntu3.1
linux-firmware-qualcomm-graphics	20240318.git3b128b60-0ubuntu3.1
linux-firmware-qualcomm-misc	20240318.git3b128b60-0ubuntu3.1
linux-firmware-qualcomm-wireless	20240318.git3b128b60-0ubuntu3.1
linux-firmware-realtek	20240318.git3b128b60-0ubuntu3.1
linux-generic	6.8.0-146.146
linux-headers-6.8.0-146	6.8.0-146.146
linux-headers-6.8.0-146-generic	6.8.0-146.146
linux-headers-generic	6.8.0-146.146
linux-image-6.8.0-146-generic	6.8.0-146.146
linux-image-generic	6.8.0-146.146
linux-libc-dev	6.8.0-146.146
linux-modules-6.8.0-146-generic	6.8.0-146.146
linux-modules-extra-6.8.0-146-generic	6.8.0-146.146
linux-tools-6.8.0-146	6.8.0-146.146
linux-tools-6.8.0-146-generic	6.8.0-146.146
linux-tools-common	6.8.0-146.146
locales	2.39-0ubuntu8.9
login	1:4.13+dfsg1-4ubuntu3.2
logrotate	3.21.0-2build1
logsave	1.47.0-2.4~exp1ubuntu4.1
lsb-base	11.6
lsb-release	12.0-2
lshw	02.19.git.2021.06.19.996aaad9c7-2ubuntu0.24.04.1
lsof	4.95.0-1build3
lsscsi	0.32-1build1
lvm2	2.03.16-3ubuntu3.2
lxd-agent-loader	0.7ubuntu0.1
lxd-installer	4ubuntu0.1
lzop	1.04-2build3
man-db	2.12.0-4build2
manpages	6.7-2
manpages-dev	6.7-2
mawk	1.3.4.20240123-1build1
mdadm	4.3-1ubuntu2.1
mdevctl	1.3.0-1ubuntu2.1
media-types	10.1.0
mesa-libgallium	25.2.8-0ubuntu0.24.04.4
mesa-va-drivers	25.2.8-0ubuntu0.24.04.4
mesa-vulkan-drivers	25.2.8-0ubuntu0.24.04.4
modemmanager	1.23.4-0ubuntu2
mokutil	0.6.0-2build3
moreutils	0.69-1
motd-news-config	13ubuntu10.5
mount	2.39.3-9ubuntu6.6
msr-tools	1.3-5ubuntu0.1
mtools	4.0.43-1build1
mtr-tiny	0.95-1.1ubuntu0.1
multipath-tools	0.9.4-5ubuntu8.2
nano	7.2-2ubuntu0.2
ncurses-base	6.4+20240113-1ubuntu2.2
ncurses-bin	6.4+20240113-1ubuntu2.2
ncurses-term	6.4+20240113-1ubuntu2.2
needrestart	3.6-7ubuntu4.5
netbase	6.4
netcat-openbsd	1.226-1ubuntu2
netpbm	2:11.05.02-1.1build1
netplan-generator	1.1.2-8ubuntu1~24.04.3
netplan.io	1.1.2-8ubuntu1~24.04.3
networkd-dispatcher	2.2.4-1
nftables	1.0.9-1ubuntu0.1
ntfs-3g	1:2022.10.3-1.2ubuntu3.2
numactl	2.0.18-1ubuntu0.24.04.1
nvme-cli	2.8-1ubuntu0.1
open-iscsi	2.1.9-3ubuntu5.4
open-vm-tools	2:13.0.10-0ubuntu0.24.04.1
openipmi	2.0.33-1.1build3
openssh-client	1:9.6p1-3ubuntu13.19
openssh-server	1:9.6p1-3ubuntu13.19
openssh-sftp-server	1:9.6p1-3ubuntu13.19
openssl	3.0.13-0ubuntu3.16
os-prober	1.81ubuntu4
osinfo-db	0.20250606-0ubuntu0.24.04.1
overlayroot	0.49~24.04.1
ovmf	2024.02-2ubuntu0.10
packagekit	1.2.8-2ubuntu1.5
packagekit-tools	1.2.8-2ubuntu1.5
parted	3.6-4build1
passwd	1:4.13+dfsg1-4ubuntu3.2
pastebinit	1.6.2-1
patch	2.7.6-7build3
pci.ids	0.0~2024.03.31-1ubuntu0.1
pciutils	1:3.10.0-2build1
perl	5.38.2-3.2ubuntu0.6
perl-base	5.38.2-3.2ubuntu0.6
perl-modules-5.38	5.38.2-3.2ubuntu0.6
perl-openssl-defaults	7build3
pinentry-curses	1.2.1-3ubuntu5
plymouth	24.004.60-1ubuntu7.2
plymouth-theme-ubuntu-text	24.004.60-1ubuntu7.2
polkitd	124-2ubuntu1.24.04.4
pollinate	4.33-3.1ubuntu1.3
poppler-data	0.4.12-1
powermgmt-base	1.37ubuntu0.1
procps	2:4.0.4-4ubuntu3.3
prometheus-node-exporter	1.7.0-1ubuntu0.3
prometheus-node-exporter-collectors	0.0~git20231018.f5c56e7-1
psmisc	23.7-1build1
publicsuffix	20231001.0357-0.1
python-apt-common	2.7.7ubuntu5.3
python-babel-localedata	2.10.3-3build1
python-matplotlib-data	3.6.3-1ubuntu5
python3	3.12.3-0ubuntu2.1
python3-appdirs	1.4.4-4
python3-apport	2.28.3-0ubuntu0.1
python3-apt	2.7.7ubuntu5.3
python3-asttokens	2.4.1-1
python3-attr	23.2.0-2
python3-automat	22.10.0-2
python3-babel	2.10.3-3build1
python3-bcrypt	3.2.2-1build1
python3-blinker	1.7.0-1
python3-boto3	1.34.46+dfsg-1ubuntu1
python3-botocore	1.34.46+repack-1ubuntu1
python3-bpfcc	0.29.1+ds-1ubuntu7
python3-brotli	1.1.0-2build2
python3-bs4	4.12.3-1
python3-certifi	2023.11.17-1
python3-cffi-backend	1.16.0-2build1
python3-chardet	5.2.0+dfsg-1
python3-click	8.1.6-2
python3-colorama	0.4.6-4
python3-commandnotfound	23.04.0
python3-configobj	5.0.8-3
python3-constantly	23.10.4-1
python3-contourpy	1.0.7-2build1
python3-cryptography	41.0.7-4ubuntu0.4
python3-cssselect	1.2.0-2
python3-cycler	0.11.0-2
python3-dateutil	2.8.2-3ubuntu1
python3-dbus	1.3.2-5build3
python3-debconf	1.5.86ubuntu1
python3-debian	0.1.49ubuntu2
python3-decorator	5.1.1-5
python3-distro	1.9.0-1
python3-distro-info	1.7build1
python3-distupgrade	1:24.04.29
python3-executing	2.0.1-0.1
python3-fonttools	4.46.0-1build2
python3-fs	2.4.16-3
python3-gdbm	3.12.3-0ubuntu1
python3-gi	3.48.2-1
python3-hamcrest	2.1.0-1
python3-html5lib	1.1-6
python3-httplib2	0.20.4-3ubuntu0.1
python3-hyperlink	21.0.0-5
python3-idna	3.6-2ubuntu0.2
python3-incremental	22.10.0-1
python3-ipython	8.20.0-1
python3-jedi	0.19.1+ds1-1
python3-jinja2	3.1.2-1ubuntu1.3
python3-jmespath	1.0.1-1
python3-json-pointer	2.0-0ubuntu1
python3-jsonpatch	1.32-3
python3-jsonschema	4.10.3-2ubuntu1
python3-jwt	2.7.0-1ubuntu0.2
python3-kiwisolver	1.4.4-2build1
python3-launchpadlib	1.11.0-6
python3-lazr.restfulclient	0.14.6-1
python3-lazr.uri	1.0.6-3
python3-libvirt	10.0.0-1build1
python3-libxml2	2.9.14+dfsg-1.3ubuntu3.9
python3-lxml	5.2.1-1
python3-lz4	4.0.2+dfsg-1build4
python3-magic	2:0.4.27-3
python3-markdown-it	3.0.0-2
python3-markupsafe	2.1.5-1build2
python3-matplotlib	3.6.3-1ubuntu5
python3-matplotlib-inline	0.1.6-2
python3-mdurl	0.1.2-1
python3-minimal	3.12.3-0ubuntu2.1
python3-mpmath	1.2.1-3
python3-netaddr	0.8.0-2ubuntu1
python3-netifaces	0.11.0-2build3
python3-netplan	1.1.2-8ubuntu1~24.04.3
python3-newt	0.52.24-2ubuntu2
python3-numpy	1:1.26.4+ds-6ubuntu1
python3-oauthlib	3.2.2-1
python3-olefile	0.46-3
python3-openssl	23.2.0-1ubuntu0.1
python3-packaging	24.0-1
python3-parso	0.8.3-1
python3-pexpect	4.9-2
python3-pil	10.2.0-1ubuntu1.3
python3-pil.imagetk	10.2.0-1ubuntu1.3
python3-pkg-resources	68.1.2-2ubuntu1.2
python3-problem-report	2.28.3-0ubuntu0.1
python3-prometheus-client	0.19.0+ds1-1
python3-prompt-toolkit	3.0.43-1
python3-ptyprocess	0.7.0-5
python3-pure-eval	0.2.2-1
python3-pyasn1	0.4.8-4ubuntu0.3
python3-pyasn1-modules	0.2.8-1
python3-pygments	2.17.2+dfsg-1
python3-pyparsing	3.1.1-1
python3-pyrsistent	0.20.0-1build2
python3-requests	2.31.0+dfsg-1ubuntu1.2
python3-rich	13.7.1-1
python3-s3transfer	0.10.1-1ubuntu2
python3-scapy	2.5.0+dfsg-2ubuntu1
python3-scipy	1.11.4-6build1
python3-serial	3.5-2
python3-service-identity	24.1.0-1
python3-setuptools	68.1.2-2ubuntu1.2
python3-six	1.16.0-4
python3-software-properties	0.99.49.4
python3-soupsieve	2.5-1
python3-stack-data	0.6.3-1
python3-sympy	1.12-7
python3-systemd	235-1build4
python3-tk	3.12.3-0ubuntu1
python3-traitlets	5.5.0-2
python3-twisted	24.3.0-1ubuntu0.2
python3-typeshed	0.0~git20231111.6764465-3
python3-tz	2024.1-2
python3-ufolib2	0.16.0+dfsg1-1
python3-unicodedata2	15.1.0+ds-1build1
python3-update-manager	1:24.04.12
python3-urllib3	2.0.7-1ubuntu0.7
python3-wadllib	1.3.6-5
python3-wcwidth	0.2.5+dfsg1-1.1ubuntu1
python3-webencodings	0.5.1-5
python3-xkit	0.5.0ubuntu6
python3-yaml	6.0.1-2build2
python3-zope.interface	6.1-1build1
python3.12	3.12.3-1ubuntu0.17
python3.12-minimal	3.12.3-1ubuntu0.17
qemu-block-extra	1:8.2.2+ds-0ubuntu1.18
qemu-system-common	1:8.2.2+ds-0ubuntu1.18
qemu-system-data	1:8.2.2+ds-0ubuntu1.18
qemu-system-gui	1:8.2.2+ds-0ubuntu1.18
qemu-system-modules-opengl	1:8.2.2+ds-0ubuntu1.18
qemu-system-modules-spice	1:8.2.2+ds-0ubuntu1.18
qemu-system-x86	1:8.2.2+ds-0ubuntu1.18
qemu-utils	1:8.2.2+ds-0ubuntu1.18
readline-common	8.2-4build1
reiserfsprogs	1:3.6.27-7.1build1
rpcsvc-proto	1.4.2-0ubuntu7
rpm-common	4.18.2+dfsg-2.1build2
rsync	3.2.7-1ubuntu1.5
rsyslog	8.2312.0-3ubuntu9.4
run-one	1.17-0ubuntu2
sbsigntool	0.9.4-3.1ubuntu7
screen	4.9.1-1ubuntu1
scrub	2.6.1-1build2
seabios	1.16.3-2
secureboot-db	1.9build1
sed	4.9-2ubuntu0.24.04.1
sensible-utils	0.0.22
session-migration	0.3.9build1
sg3-utils	1.46-3ubuntu4.1
sg3-utils-udev	1.46-3ubuntu4.1
sgml-base	1.31
shared-mime-info	2.4-4
shim-signed	1.58+15.8-0ubuntu1
sleuthkit	4.12.1+dfsg-1.1ubuntu2
smartmontools	7.4-2build1
snapd	2.76.3+ubuntu24.04
software-properties-common	0.99.49.4
sosreport	4.10.2-0ubuntu0~24.04.1
spice-client-glib-usb-acl-helper	0.42-2ubuntu2
squashfs-tools	1:4.6.1-1build1
ssh-import-id	5.11-0ubuntu2.24.04.1
strace	6.8-0ubuntu2
sudo	1.9.15p5-3ubuntu5.24.04.3
supermin	5.2.2-4ubuntu4
swtpm	0.7.3-0ubuntu5.24.04.1
swtpm-tools	0.7.3-0ubuntu5.24.04.1
syslinux	3:6.04~git20190206.bf6db5b4+dfsg1-3ubuntu3
syslinux-common	3:6.04~git20190206.bf6db5b4+dfsg1-3ubuntu3
sysstat	12.6.1-2
systemd	255.4-1ubuntu8.17
systemd-container	255.4-1ubuntu8.17
systemd-dev	255.4-1ubuntu8.17
systemd-hwe-hwdb	255.1.7
systemd-resolved	255.4-1ubuntu8.17
systemd-sysv	255.4-1ubuntu8.17
systemd-timesyncd	255.4-1ubuntu8.17
sysvinit-utils	3.08-6ubuntu3
tar	1.35+dfsg-3ubuntu0.4
tcl	8.6.14build1
tcl8.6	8.6.14+dfsg-1build1
tcpdump	4.99.4-3ubuntu4.24.04.1
telnet	0.17+2.5-3ubuntu4.2
thermald	2.5.6-2ubuntu0.24.04.6
thin-provisioning-tools	0.9.0-2ubuntu5.1
time	1.9-0.2build1
tk8.6-blt2.5	2.5.3+dfsg-7build1
tmux	3.4-1ubuntu0.1
tnftp	20230507-2build3
tpm-udev	0.6ubuntu1
trace-cmd	3.2-1ubuntu2
tzdata	2026c-0ubuntu0.24.04.1
tzdata-legacy	2026c-0ubuntu0.24.04.1
ubuntu-drivers-common	1:0.9.7.6ubuntu3.7
ubuntu-kernel-accessories	1.539.2
ubuntu-keyring	2023.11.28.1
ubuntu-minimal	1.539.2
ubuntu-mono	24.04-0ubuntu1
ubuntu-pro-client	37.2ubuntu~24.04.1
ubuntu-pro-client-l10n	37.2ubuntu~24.04.1
ubuntu-release-upgrader-core	1:24.04.29
ubuntu-server	1.539.2
ubuntu-server-minimal	1.539.2
ubuntu-standard	1.539.2
ucf	3.0043+nmu1
udev	255.4-1ubuntu8.17
udisks2	2.10.1-6ubuntu1.5
ufw	0.36.2-6
unattended-upgrades	2.9.1+nmu4ubuntu1
unicode-data	15.1.0-1
unminimize	0.2.1
update-manager-core	1:24.04.12
update-notifier-common	3.192.68.2
upower	1.90.3-1
usb-modeswitch	2.6.1-3ubuntu3
usb-modeswitch-data	20191128-6
usb.ids	2024.03.18-1
usbmuxd	1.1.1-5~exp3ubuntu2.1
usbutils	1:017-3build1
util-linux	2.39.3-9ubuntu6.6
uuid-runtime	2.39.3-9ubuntu6.6
va-driver-all	2.20.0-2ubuntu0.2
vim	2:9.1.0016-1ubuntu7.20
vim-common	2:9.1.0016-1ubuntu7.20
vim-runtime	2:9.1.0016-1ubuntu7.20
vim-tiny	2:9.1.0016-1ubuntu7.20
virt-p2v	1.42.3-1
virt-viewer	11.0-3build2
virtinst	1:4.1.0-3ubuntu0.1
wget	1.21.4-1ubuntu4.5
whiptail	0.52.24-2ubuntu2
wireless-regdb	2026.05.30-0ubuntu1~24.04.1
x11-common	1:7.7+23ubuntu3
xauth	1:1.1.2-1build1
xdg-user-dirs	0.18-1build1
xfonts-encodings	1:1.0.5-0ubuntu2
xfonts-utils	1:7.7+6build3
xfsprogs	6.6.0-1ubuntu2.1
xkb-data	2.41-2ubuntu1.1
xml-core	0.19
xorriso	1:1.5.6-1.1ubuntu3
xxd	2:9.1.0016-1ubuntu7.20
xz-utils	5.6.1+really5.4.5-1ubuntu0.3
zerofree	1.1.1-1build5
zlib1g	1:1.3.dfsg-3.1ubuntu2.2
zstd	1.5.5+dfsg2-2build1.1
