role,source,destination,droits,preparation_seule
host,fichiers/host/etc/netplan/20-Home_server.yaml,/etc/netplan/20-Home_server.yaml,0600,True
host,fichiers/host/etc/sysctl.d/70-Home_server.conf,/etc/sysctl.d/70-Home_server.conf,0644,False
host,fichiers/host/etc/Home_server-host.nft,/etc/Home_server-host.nft,0644,False
host,fichiers/host/usr/local/sbin/Home_server-host-firewall,/usr/local/sbin/Home_server-host-firewall,0750,False
host,fichiers/host/etc/systemd/system/Home_server-host-firewall.service,/etc/systemd/system/Home_server-host-firewall.service,0644,False
game,fichiers/game/etc/netplan/20-Home_server.yaml,/etc/netplan/20-Home_server.yaml,0600,True
game,fichiers/game/etc/docker/daemon.json,/etc/docker/daemon.json,0644,False
game,fichiers/game/etc/Home_server-firewall.env,/etc/Home_server-firewall.env,0600,False
game,fichiers/game/usr/local/sbin/Home_server-firewall,/usr/local/sbin/Home_server-firewall,0750,False
game,fichiers/game/etc/systemd/system/Home_server-firewall.service,/etc/systemd/system/Home_server-firewall.service,0644,False
game,fichiers/game/etc/systemd/system/docker.service.d/20-Home_server-firewall.conf,/etc/systemd/system/docker.service.d/20-Home_server-firewall.conf,0644,False
game,fichiers/game/usr/local/sbin/Home_server-etat.py,/usr/local/sbin/Home_server-etat.py,0750,False
game,fichiers/game/etc/systemd/system/Home_server-etat.service,/etc/systemd/system/Home_server-etat.service,0644,False
game,fichiers/game/etc/systemd/system/Home_server-etat.timer,/etc/systemd/system/Home_server-etat.timer,0644,False
game,fichiers/game/etc/rsyslog.d/25-Home_server-fichiers.conf,/etc/rsyslog.d/25-Home_server-fichiers.conf,0644,False
game,fichiers/game/etc/systemd/system/rsyslog.service.d/20-Home_server-firewall.conf,/etc/systemd/system/rsyslog.service.d/20-Home_server-firewall.conf,0644,False
game,fichiers/game/etc/systemd/system/wings.service.d/20-Home_server-firewall.conf,/etc/systemd/system/wings.service.d/20-Home_server-firewall.conf,0644,False
game,fichiers/game/etc/systemd/system/crowdsec-firewall-bouncer.service.d/20-Home_server-firewall.conf,/etc/systemd/system/crowdsec-firewall-bouncer.service.d/20-Home_server-firewall.conf,0644,False
services,fichiers/services/etc/netplan/20-Home_server.yaml,/etc/netplan/20-Home_server.yaml,0600,True
services,fichiers/services/etc/docker/daemon.json,/etc/docker/daemon.json,0644,False
services,fichiers/services/etc/Home_server-firewall.env,/etc/Home_server-firewall.env,0600,False
services,fichiers/services/usr/local/sbin/Home_server-firewall,/usr/local/sbin/Home_server-firewall,0750,False
services,fichiers/services/etc/systemd/system/Home_server-firewall.service,/etc/systemd/system/Home_server-firewall.service,0644,False
services,fichiers/services/etc/systemd/system/docker.service.d/20-Home_server-firewall.conf,/etc/systemd/system/docker.service.d/20-Home_server-firewall.conf,0644,False
services,fichiers/services/usr/local/sbin/Home_server-etat.py,/usr/local/sbin/Home_server-etat.py,0750,False
services,fichiers/services/etc/systemd/system/Home_server-etat.service,/etc/systemd/system/Home_server-etat.service,0644,False
services,fichiers/services/etc/systemd/system/Home_server-etat.timer,/etc/systemd/system/Home_server-etat.timer,0644,False
services,fichiers/services/etc/rsyslog.d/25-Home_server-fichiers.conf,/etc/rsyslog.d/25-Home_server-fichiers.conf,0644,False
services,fichiers/services/etc/systemd/system/rsyslog.service.d/20-Home_server-firewall.conf,/etc/systemd/system/rsyslog.service.d/20-Home_server-firewall.conf,0644,False
services,fichiers/services/etc/systemd/system/nginx.service.d/20-Home_server-firewall.conf,/etc/systemd/system/nginx.service.d/20-Home_server-firewall.conf,0644,False
services,fichiers/services/etc/systemd/system/crowdsec-firewall-bouncer.service.d/20-Home_server-firewall.conf,/etc/systemd/system/crowdsec-firewall-bouncer.service.d/20-Home_server-firewall.conf,0644,False
game,fichiers/game/etc/systemd/system/wings.service,/etc/systemd/system/wings.service,0644,False
services,fichiers/services/etc/systemd/system/pteroq.service,/etc/systemd/system/pteroq.service,0644,False
services,fichiers/services/etc/cron.d/Home_server-panel,/etc/cron.d/Home_server-panel,0644,False
services,fichiers/services/etc/nginx/snippets/Home_server-tls.conf,/etc/nginx/snippets/Home_server-tls.conf,0644,False
services,fichiers/services/etc/nginx/conf.d/20-Home_server-websocket.conf,/etc/nginx/conf.d/20-Home_server-websocket.conf,0644,False
services,fichiers/services/etc/nginx/sites-available/Home_server,/etc/nginx/sites-available/Home_server,0644,False
services,fichiers/services/etc/rsyslog.d/20-Home_server-collecteur.conf,/etc/rsyslog.d/20-Home_server-collecteur.conf,0644,False
host,fichiers/host/etc/rsyslog.d/60-Home_server-transfert.conf,/etc/rsyslog.d/60-Home_server-transfert.conf,0644,False
game,fichiers/game/etc/rsyslog.d/60-Home_server-transfert.conf,/etc/rsyslog.d/60-Home_server-transfert.conf,0644,False
services,fichiers/services/etc/logrotate.d/Home_server-harmonise,/etc/logrotate.d/Home_server-harmonise,0644,False
services,fichiers/services/usr/local/sbin/Home_server-mail.py,/usr/local/sbin/Home_server-mail.py,0755,False
services,fichiers/services/etc/systemd/system/Home_server-mail.service,/etc/systemd/system/Home_server-mail.service,0644,False
services,fichiers/services/etc/systemd/system/Home_server-mail.timer,/etc/systemd/system/Home_server-mail.timer,0644,False
services,fichiers/services/opt/Home_server-monitoring/compose.yaml,/opt/Home_server-monitoring/compose.yaml,0644,False
services,fichiers/services/opt/Home_server-monitoring/loki.yaml,/opt/Home_server-monitoring/loki.yaml,0644,False
services,fichiers/services/opt/Home_server-monitoring/config.alloy,/opt/Home_server-monitoring/config.alloy,0644,False
services,fichiers/services/opt/Home_server-monitoring/prometheus.yaml,/opt/Home_server-monitoring/prometheus.yaml,0644,False
services,fichiers/services/opt/Home_server-monitoring/provisioning/datasources/datasources.yaml,/opt/Home_server-monitoring/provisioning/datasources/datasources.yaml,0644,False
services,fichiers/services/opt/Home_server-monitoring/provisioning/dashboards/Home_server.yaml,/opt/Home_server-monitoring/provisioning/dashboards/Home_server.yaml,0644,False
services,fichiers/services/opt/Home_server-monitoring/dashboards/systemes.json,/opt/Home_server-monitoring/dashboards/systemes.json,0644,False
services,fichiers/services/opt/Home_server-monitoring/dashboards/minecraft.json,/opt/Home_server-monitoring/dashboards/minecraft.json,0644,False
host,fichiers/host/usr/local/sbin/Home_server-etat.py,/usr/local/sbin/Home_server-etat.py,0750,False
host,fichiers/host/etc/systemd/system/Home_server-etat.service,/etc/systemd/system/Home_server-etat.service,0644,False
host,fichiers/host/etc/systemd/system/Home_server-etat.timer,/etc/systemd/system/Home_server-etat.timer,0644,False
host,fichiers/host/etc/systemd/system/libvirtd.service.d/20-Home_server-firewall.conf,/etc/systemd/system/libvirtd.service.d/20-Home_server-firewall.conf,0644,False
host,fichiers/host/etc/systemd/system/libvirt-guests.service.d/20-Home_server-firewall.conf,/etc/systemd/system/libvirt-guests.service.d/20-Home_server-firewall.conf,0644,False
services,fichiers/services/opt/Home_server-monitoring/dashboards/reseau.json,/opt/Home_server-monitoring/dashboards/reseau.json,0644,False
